<?xml version="1.0" encoding="utf-8"?>
<!DOCTYPE install SYSTEM "http://www.jfusion.org/xml/dtd/1.5/plugin-install.dtd">
<install type="jfusion" version="1.5.0">
	<name>universal</name>
	<creationDate>June 2008</creationDate>
	<author>JFusion Development Team</author>
	<authorEmail>webmaster@jfusion.org</authorEmail>
	<authorUrl>www.jfusion.org</authorUrl>
	<copyright>Copyright (C) 2008 JFusion. All rights reserved.</copyright>
	<license>http://www.gnu.org/licenses/gpl-2.0.html GNU/GPL</license>
	<version>1.8.0-000</version>
	<description>universal plugin for JFusion</description>
    <update>http://update.jfusion.org/</update>

	<files>
		<filename>admin.php</filename>
		<filename>auth.php</filename>
		<filename>index.html</filename>
		<filename>jfusion.xml</filename>
		<filename>map.php</filename>
		<filename>public.php</filename>
		<filename>user.php</filename>
	</files>
  	<params addpath="/administrator/components/com_jfusion/elements">
  		<param name="jfusionbox" type="text" default="hide" label="IMPORTEXPORT_OPTIONS" description="" />
		<param name="import" default="" type="JFusionCustomParam" label="IMPORT_CONFIG" description=""/>
		<param name="export" default="" type="JFusionCustomParam" label="EXPORT_CONFIG" description=""/>


		<param name="jfusionbox" type="text" default="" label="PLUGIN_GENERAL_DETAILS" description="" />
		<param name="description" type="text" size="60" default="put a description" description="DESCRIPTION" label=""/>
		<param name="source_url" type="text" size="60" default="http://site.com/" description="SOURCE_URL" label=""/>
		<param name="cookie_domain" type="text" size="60" default="" description="COOKIE_DOMAIN" label=""/>
		<param name="cookie_path" type="text" size="20" default="/" description="COOKIE_PATH" label=""/>
		<param name="cookie_name" type="text" size="20" default="" description="COOKIE_NAME" label=""/>


		<param name="jfusionbox" type="text" default="" label="DATABASE_OPTIONS" description="" />
		<param name="database_type" type="text" size="20" default="" description="DATABASE_TYPE" label=""/>
		<param name="database_host" type="text" size="20" default="" description="DATABASE_HOST" label=""/>
		<param name="database_name" type="text" size="20" default="" description="DATABASE_NAME" label=""/>
		<param name="database_user" type="text" size="20" default="" description="DATABASE_USER" label=""/>
		<param name="database_password" type="password" size="20" default="" description="DATABASE_PASSWORD" label=""/>
		<param name="database_prefix" type="text" size="20" default="" description="DATABASE_PREFIX" label=""/>
		<param name="database_charset" type="text" size="20" default="utf8" description="DATABASE_CHARSET" label=""/>
		<param name="@spacer" type="spacer" default="" label=""	description=""/>
		<param name=" " type="helptext" default="ENCRYPTION_DESCR" label=""/>
		<param name="encryption" type="JFusionPluginsOther" default="" description="ENCRYPTION" label=""/>


		<param name="jfusionbox" type="text" default="" label="USER_OPTIONS" description="" />
		<param name="js" default="" type="JFusionCustomParam" label=" " description=" "/>
		<param name="mapuser" default="" type="JFusionCustomParam" label="USER_MAPING" description="USER_MAPING_DESCR"/>

		<param name="user_auth" default="md5($userinfo->password_clear)" type="JFusionCustomParam" label="USER_AUTH" description="USER_AUTH"/>

		<param name="usergroupmap" default="" type="JFusionCustomParam" label="USERGROUP_MAP" description="USERGROUP_MAP"/>

		<param name=" " type="helptext" default="DEFAULT_USERGROUP_DESCR" label=""/>
		<param name="usergroups" default="" type="JFusionUsergroupParam" label="USERGROUP_MANAGEMENT" description="ADVANCED_USERGROUP"/>

		<param name="mapgroup" default="" type="JFusionCustomParam" label="GROUP_MAPING" description="GROUP_MAPING_DESCR"/>

		<param name="registerurl" type="text" size="100" default="index.php?action=register" description="REGISTERURL" label=""/>

		<param name="lostpasswordurl" type="text" size="100" default="index.php?action=reminder" description="LOSTPASSWORDURL" label=""/>

		<param name="lostusernameurl" type="text" size="100" default="index.php?action=reminder" description="LOSTUSERNAMEURL" label=""/>

		<param name=" " type="helptext" default="AUTO_UPDATE_DESCR" label=""/>
		<param name="update_activation" type="list" default="1" label="" description="UPDATE_ACTIVATION">
			<option value="1">YES</option>
			<option value="0">NO</option>
		</param>
		<param name="update_block" type="list" default="1" label="" description="UPDATE_BLOCK">
			<option value="1">YES</option>
			<option value="0">NO</option>
		</param>
		<param name="update_email" type="list" default="1" label="" description="UPDATE_EMAIL">
			<option value="1">YES</option>
			<option value="0">NO</option>
		</param>
		<param name="@spacer" type="spacer" default="" label="" description="" />
		<param name=" " type="helptext" default="ALLOW_DELETE_USERS_DESCR" label=""/>
		<param name="allow_delete_users" type="list" default="0" label="ALLOW_DELETE_USERS" description="ALLOW_DELETE_USERS">
		    <option value="1">YES</option>
		    <option value="0">NO</option>
		</param>


		<param name="jfusionbox" type="text" default="" label="MOD_OPTIONS" description="" />
		<param name=" " type="helptext" default="REDIRECT_MOD_DESCR" label=""/>
		<param name="redirect_itemid" type="JFusionItemid" size="10" default="" description="REDIRECT_ITEMID" label=""/>
		<param name="show_redirect_mod" default="" type="JFusionCustomParam" description="AUTHENTICATION_MOD" label=""/>


		<param name="jfusionbox" type="text" default="" label="FRAMELESS_OPTIONS" description="" />
		<param name="parse_anchors" type="list" default="1" label="" description="PARSE_ANCHORS">
			<option value="1">YES</option>
			<option value="0">NO</option>
		</param>
		<param name="parse_rel_url" type="list" default="1" label="" description="PARSE_REL_URL">
			<option value="1">YES</option>
			<option value="0">NO</option>
		</param>
		<param name="parse_abs_url" type="list" default="1" label="" description="PARSE_ABS_URL">
			<option value="1">YES</option>
			<option value="0">NO</option>
		</param>
		<param name="parse_abs_path" type="list" default="1" label="" description="PARSE_ABS_PATH">
			<option value="1">YES</option>
			<option value="0">NO</option>
		</param>
		<param name="parse_rel_img" type="list" default="1" label="" description="PARSE_REL_IMG">
			<option value="1">YES</option>
			<option value="0">NO</option>
		</param>
		<param name="parse_action" type="list" default="1" label="" description="PARSE_ACTION">
			<option value="1">YES</option>
			<option value="0">NO</option>
		</param>
		<param name="parse_popup" type="list" default="1" label="" description="PARSE_POPUP">
			<option value="1">YES</option>
			<option value="0">NO</option>
		</param>
		<param name="parse_redirect" type="list" default="1" label="" description="PARSE_REDIRECT">
			<option value="1">YES</option>
			<option value="0">NO</option>
		</param>

		<param name="parse_css" type="list" default="1" label="" description="PARSE_CSS">
			<option value="1">YES</option>
			<option value="0">NO</option>
		</param>
		<param name="parse_infile_css" type="list" default="1" label="" description="PARSE_INFILE_CSS">
			<option value="1">YES</option>
			<option value="0">NO</option>
		</param>
		<param name="default_css" type="list" default="1" label="" description="DEFAULT_CSS">
			<option value="1">YES</option>
			<option value="0">NO</option>
		</param>
		<param name="default_css_overflow" type="list" default="visible" label="" description="DEFAULT_CSS_OVERFLOW">
			<option value="visible">visible</option>
			<option value="hidden">hidden</option>
			<option value="scroll">scroll</option>
			<option value="auto">auto</option>
			<option value="inherit">inherit</option>
		</param>		

		<param name="headermap" default="" type="JFusionCustomParam" label="HEADER_MAP" description="HEADER_MAP"/>
		<param name="bodymap" default="" type="JFusionCustomParam" label="BODY_MAP" description="BODY_MAP"/>


		<param name="jfusionbox" type="text" default="" label="SEF_OPTIONS" description="" />
		<param name=" " type="helptext" default="SEFMODE_DESCR" label=""/>
		<param name="sefmode" type="list" default="0" label="" description="SEFMODE">
			<option value="1"><![CDATA[yourdomain.com/index.php/menu_name/filename.php/option1,value1/option2,value2]]></option>
			<option value="0"><![CDATA[yourdomain.com/index.php/menu_name/filename.php?option1=value1&option2=value2]]></option>
		</param>


		<param name="jfusionbox" type="text" default="hide" label="CURL_OPTIONS" description="" />
		<param name="cookie_expires" type="text" size="5" label="" default="1800" description="COOKIE_TIME" />
		<param name="secure" type="list" default="0" label="" description="COOKIE_SECURE">
			<option value="1">YES</option>
			<option value="0">NO</option>
		</param>
		<param name="httponly" type="list" default="0" label="" description="COOKIE_HTTPONLY">
			<option value="1">YES</option>
			<option value="0">NO</option>
		</param>
		<param name="override" type="text" size="60" label="" default="cookielength=-1" description="CURL_COOKIE_OVERRIDE" />
		<param name="leavealone" type="text" size="60" label="" default="" description="CURL_COOKIE_LEAVEALONE" />
		<param name="integrationtype" type="text" size="3" label="" default="1" description="CURL_INTEGRATIONTYPE" />
		<param name="relpath" type="list" default="0" label="" description="CURL_RELPATH">
			<option value="1">YES</option>
			<option value="0">NO</option>
		</param>
		<param name="hidden" type="list" default="1" label="" description="CURL_HIDDEN">
			<option value="1">YES</option>
			<option value="0">NO</option>
		</param>
		<param name="buttons" type="list" default="1" label="" description="CURL_BUTTONS">
			<option value="1">YES</option>
			<option value="0">NO</option>
		</param>
		<param name="@spacer" type="spacer" default="" label="" description="" />
		<param name=" " type="helptext" default="LOGIN_IDENTIFIER_DESCR" label=""/>
		<param name="login_identifier" type="list" default="1" description="LOGIN_IDENTIFIER" label="">
			<option value="1">USERNAME</option>
			<option value="2">EMAIL</option>
			<option value="3">USERNAME_OR_EMAIL</option>
		</param>
		<param name="login_url" type="text" size="60" label="" default="index.php?action=login" description="CURL_LOGIN_URL" />
		<param name="loginform_id" type="text" size="60" label="" default="frmLogin" description="CURL_LOGINFORM_ID" />
		<param name="input_username_id" type="text" size="60" label="" default="user" description="CURL_INPUT_USERNAME_ID" />
		<param name="input_password_id" type="text" size="60" label="" default="passwrd" description="CURL_INPUT_PASSWORD_ID" />
		<param name="logout_url" type="text" size="60" label="" default="index.php?action=logout" description="CURL_LOGOUT_URL" />
	</params>
</install>
