<?xml version="1.0" encoding="utf-8"?>
<!DOCTYPE extension SYSTEM "http://www.jfusion.org/xml/dtd/2.0/plugin-install.dtd">
<extension type="jfusion" version="1.5.0">
    <name>universal</name>
    <creationDate>June 2008</creationDate>
    <author>JFusion Development Team</author>
    <authorEmail>webmaster@jfusion.org</authorEmail>
    <authorUrl>www.jfusion.org</authorUrl>
    <copyright>Copyright (C) 2008 JFusion. All rights reserved.</copyright>
    <license>http://www.gnu.org/licenses/gpl-2.0.html GNU/GPL</license>
    <version>2.0.0-000</version>
    <revision>1052e8e56bb7868c54b105f1783e27d575abd181 </revision>
    <timestamp>1372270145</timestamp>
    <description>Universal plugin for JFusion</description>
    <update>http://update.jfusion.org/jfusion/joomla/</update>

    <files>
        <filename>admin.php</filename>
        <filename>auth.php</filename>
        <filename>helper.php</filename>
        <filename>index.html</filename>
        <filename>jfusion.xml</filename>
        <filename>map.php</filename>
        <filename>public.php</filename>
        <filename>user.php</filename>
    </files>

    <form>
        <fields name="params">
            <fieldset name="PLUGIN_GENERAL_DETAILS" addfieldpath="/administrator/components/com_jfusion/fields">
                <field name="description" type="text" size="60" default="put a description" description="DESCRIPTION" label="DESCRIPTION"/>
                <field name="source_url" type="text" size="60" default="http://site.com/" description="SOURCE_URL" label="SOURCE_URL"/>
                <field name="cookie_domain" type="text" size="60" default="" description="CURL_COOKIE_DOMAIN_DESC" label="CURL_COOKIE_DOMAIN"/>
                <field name="cookie_path" type="text" size="20" default="/" description="CURL_COOKIE_PATH_DESC" label="CURL_COOKIE_PATH"/>
                <field name="cookie_name" type="text" size="20" default="" description="COOKIE_NAME" label="COOKIE_NAME"/>
            </fieldset>

            <fieldset name="DATABASE_OPTIONS" addfieldpath="/administrator/components/com_jfusion/fields">
                <field name="database_type" type="text" size="20" default="" description="DATABASE_TYPE" label="DATABASE_TYPE"/>
                <field name="database_host" type="text" size="20" default="" description="DATABASE_HOST" label="DATABASE_HOST"/>
                <field name="database_name" type="text" size="20" default="" description="DATABASE_NAME" label="DATABASE_NAME"/>
                <field name="database_user" type="text" size="20" default="" description="DATABASE_USER" label="DATABASE_USER"/>
                <field name="database_password" type="password" size="20" default="" description="DATABASE_PASSWORD" label="DATABASE_PASSWORD"/>
                <field name="database_prefix" type="text" size="20" default="" description="DATABASE_PREFIX" label="DATABASE_PREFIX"/>
                <field name="database_charset" type="text" size="20" default="utf8" description="DATABASE_CHARSET" label="DATABASE_CHARSET"/>
                <field name="@spacer" type="spacer" default="" label=""	description=""/>
            </fieldset>

            <fieldset name="USER_OPTIONS" addfieldpath="/administrator/components/com_jfusion/fields">
                <field name="js" default="" type="JFusionCustomParam" label=" " description=" "/>
                <field name="mapuser" default="" type="JFusionCustomParam" label="USER_MAPING" description="USER_MAPING_DESCR"/>
                <field name="user_auth" default="md5($userinfo->password_clear)" type="JFusionCustomParam" label="USER_AUTH" description="USER_AUTH_DESCR"/>
                <field name="usergroupmap" default="" type="JFusionPair" label="USERGROUP_MAP" description="USERGROUP_MAP"/>
                <field name=" " type="helptext" default="DEFAULT_USERGROUP_DESCR" label=""/>
                <field name="multiusergroup" default="" type="JFusionCustomParam" label="USERGROUP_MANAGEMENT" description="ADVANCED_USERGROUP"/>
                <field name="mapgroup" default="" type="JFusionCustomParam" label="GROUP_MAPING" description="GROUP_MAPING_DESCR"/>
                <field name="registerurl" type="text" size="100" default="index.php?action=register" description="REGISTERURL" label="REGISTERURL"/>
                <field name="lostpasswordurl" type="text" size="100" default="index.php?action=reminder" description="LOSTPASSWORDURL" label="LOSTPASSWORDURL"/>
                <field name="lostusernameurl" type="text" size="100" default="index.php?action=reminder" description="LOSTUSERNAMEURL" label="LOSTUSERNAMEURL"/>
                <field name=" " type="helptext" default="AUTO_UPDATE_DESCR" label=""/>
                <field name="update_activation" type="radio" class="btn-group" default="1" label="UPDATE_ACTIVATION" description="UPDATE_ACTIVATION">
                    <option value="1">JYES</option>
                    <option value="0">JNO</option>
                </field>
                <field name="update_block" type="radio" class="btn-group" default="1" label="UPDATE_BLOCK" description="UPDATE_BLOCK">
                    <option value="1">JYES</option>
                    <option value="0">JNO</option>
                </field>
                <field name="update_email" type="radio" class="btn-group" default="1" label="UPDATE_EMAIL" description="UPDATE_EMAIL">
                    <option value="1">JYES</option>
                    <option value="0">JNO</option>
                </field>
                <field name="@spacer" type="spacer" default="" label="" description="" />
                <field name=" " type="helptext" default="ALLOW_DELETE_USERS_DESCR" label=""/>
                <field name="allow_delete_users" type="radio" class="btn-group" default="0" label="ALLOW_DELETE_USERS" description="ALLOW_DELETE_USERS">
                    <option value="1">JYES</option>
                    <option value="0">JNO</option>
                </field>
            </fieldset>


            <fieldset name="FRAMELESS_OPTIONS" addfieldpath="/administrator/components/com_jfusion/fields">
                <field name="headermap" default="" type="JFusionPair" label="HEADER_MAP" description="HEADER_MAP_DESCR"/>
                <field name="bodymap" default="" type="JFusionPair" label="BODY_MAP" description="BODY_MAP_DESCR"/>
            </fieldset>

            <fieldset name="SEF_OPTIONS" addfieldpath="/administrator/components/com_jfusion/fields">
                <field name=" " type="helptext" default="SEFMODE_DESCR" label=""/>
                <field name="sefmode" type="list" default="0" label="SEFMODE" description="SEFMODE">
                    <option value="1"><![CDATA[domain.com/index.php/alias/file.php/foo,foo/]]></option>
                    <option value="0"><![CDATA[domain.com/index.php/alias/file.php?foo=foo]]></option>
                </field>
            </fieldset>

            <fieldset name="CURL_OPTIONS" addfieldpath="/administrator/components/com_jfusion/fields">
                <field name="cookie_expires" type="text" size="5" label="COOKIE_EXPIRES" default="1800" description="COOKIE_EXPIRES_DESC" />
                <field name="secure" type="radio" class="btn-group" default="0" label="COOKIE_SECURE" description="COOKIE_SECURE">
                    <option value="1">JYES</option>
                    <option value="0">JNO</option>
                </field>
                <field name="httponly" type="radio" class="btn-group" default="0" label="COOKIE_HTTPONLY" description="COOKIE_HTTPONLY">
                    <option value="1">JYES</option>
                    <option value="0">JNO</option>
                </field>
                <field name="override" type="text" size="60" label="CURL_COOKIE_OVERRIDE" default="cookielength=-1" description="CURL_COOKIE_OVERRIDE" />
                <field name="leavealone" type="text" size="60" label="CURL_COOKIE_LEAVEALONE" default="" description="CURL_COOKIE_LEAVEALONE" />
                <field name="integrationtype" type="text" size="3" label="CURL_INTEGRATIONTYPE" default="1" description="CURL_INTEGRATIONTYPE" />
                <field name="relpath" type="radio" class="btn-group" default="0" label="CURL_RELPATH" description="CURL_RELPATH">
                    <option value="1">JYES</option>
                    <option value="0">JNO</option>
                </field>
                <field name="hidden" type="radio" class="btn-group" default="1" label="CURL_HIDDEN" description="CURL_HIDDEN">
                    <option value="1">JYES</option>
                    <option value="0">JNO</option>
                </field>
                <field name="buttons" type="radio" class="btn-group" default="1" label="CURL_BUTTONS" description="CURL_BUTTONS">
                    <option value="1">JYES</option>
                    <option value="0">JNO</option>
                </field>
                <field name="@spacer" type="spacer" default="" label="" description="" />
                <field name=" " type="helptext" default="LOGIN_IDENTIFIER_DESCR" label=""/>
                <field name="login_identifier" type="list" default="1" description="LOGIN_IDENTIFIER" label="LOGIN_IDENTIFIER">
                    <option value="1">USERNAME</option>
                    <option value="2">EMAIL</option>
                    <option value="3">USERNAME_OR_EMAIL</option>
                </field>
                <field name="login_url" type="text" size="60" label="CURL_LOGIN_URL" default="index.php?action=login" description="CURL_LOGIN_URL" />
                <field name="loginform_id" type="text" size="60" label="CURL_LOGINFORM_ID" default="frmLogin" description="CURL_LOGINFORM_ID" />
                <field name="input_username_id" type="text" size="60" label="CURL_INPUT_USERNAME_ID" default="user" description="CURL_INPUT_USERNAME_ID" />
                <field name="input_password_id" type="text" size="60" label="CURL_INPUT_PASSWORD_ID" default="passwrd" description="CURL_INPUT_PASSWORD_ID" />
                <field name="logout_url" type="text" size="60" label="CURL_LOGOUT_URL" default="index.php?action=logout" description="CURL_LOGOUT_URL" />
            </fieldset>
        </fields>
    </form>
</extension>
