<?xml version="1.0" encoding="UTF-8" ?>
<extension type="package" version="2.5" method="upgrade">
<tag>it-IT</tag>
<name>jfusion</name>
<packagename>it-IT</packagename>
<version>1.8</version>
<creationDate>261112</creationDate>
<author>JFusion team</author>
<authorEmail>webmaster@jfusion.org</authorEmail>
<authorUrl>www.jfusion.org</authorUrl>
<copyright>Copyright (C) 2012 JFusion. All rights reserved.</copyright>
<license>GNU General Public License version 2 or later; see LICENSE.txt</license>
<description>Italian (Italy)</description>
<progress><![CDATA[93]]></progress>
<translateurl><![CDATA[https://www.transifex.com/projects/p/jfusion2/language/it_IT/]]></translateurl>
<files>
	<file type="language" client="site" id="it-IT">site_it-IT.zip</file>
	<file type="language" client="administrator" id="it-IT">admin_it-IT.zip</file>
</files>
</extension>