<?xml version="1.0" encoding="utf-8"?>
<!DOCTYPE install SYSTEM "http://www.joomla.org/xml/dtd/1.5/component-install.dtd">
<install type="component" version="1.5" method="upgrade">
	<name>JFusion</name>
	<creationDate>December 2010</creationDate>
	<author>JFusion Development Team</author>
	<authorEmail>webmaster@jfusion.org</authorEmail>
	<authorUrl>http://www.jfusion.org</authorUrl>
	<copyright>Copyright (C) 2008 JFusion. All rights reserved.</copyright>
	<license>http://www.gnu.org/licenses/gpl-2.0.html GNU/GPL</license>
	<version>1.8.0-000</version>
	<revision>a147220710633f1626402becbea2642b03961c1d </revision>
	<description>Universal User Integration</description>

	<installfile>install.jfusion.php</installfile>
 	<uninstallfile>uninstall.jfusion.php</uninstallfile>

	<files folder="front">
		<filename>metadata.xml</filename>
		<filename>index.html</filename>
		<filename>jfusion.php</filename>
		<filename>jfusionapi.php</filename>
		<filename>router.php</filename>
		<folder>controllers</folder>
		<folder>css</folder>
		<folder>helpers</folder>
		<folder>views</folder>
		<folder>images</folder>
	</files>

	<languages folder="front/languages">
        <language tag="en-GB">en-GB/en-GB.com_jfusion.ini</language>
        <language tag="en-GB">en-GB/en-GB.mod_jfusion_whosonline.ini</language>
        <language tag="en-GB">en-GB/en-GB.mod_jfusion_user_activity.ini</language>
        <language tag="en-GB">en-GB/en-GB.mod_jfusion_login.ini</language>
        <language tag="en-GB">en-GB/en-GB.mod_jfusion_activity.ini</language>
        	
		<language tag="de-DE">de-DE/de-DE.com_jfusion.ini</language>
		<language tag="de-DE">de-DE/de-DE.mod_jfusion_whosonline.ini</language>
		<language tag="de-DE">de-DE/de-DE.mod_jfusion_user_activity.ini</language>
		<language tag="de-DE">de-DE/de-DE.mod_jfusion_login.ini</language>
		<language tag="de-DE">de-DE/de-DE.mod_jfusion_activity.ini</language>

		<language tag="fr-FR">fr-FR/fr-FR.com_jfusion.ini</language>
		<language tag="fr-FR">fr-FR/fr-FR.mod_jfusion_whosonline.ini</language>
		<language tag="fr-FR">fr-FR/fr-FR.mod_jfusion_user_activity.ini</language>
		<language tag="fr-FR">fr-FR/fr-FR.mod_jfusion_login.ini</language>
		<language tag="fr-FR">fr-FR/fr-FR.mod_jfusion_activity.ini</language>

		<language tag="nl-NL">nl-NL/nl-NL.com_jfusion.ini</language>
		<language tag="nl-NL">nl-NL/nl-NL.mod_jfusion_whosonline.ini</language>
		<language tag="nl-NL">nl-NL/nl-NL.mod_jfusion_user_activity.ini</language>
		<language tag="nl-NL">nl-NL/nl-NL.mod_jfusion_login.ini</language>
		<language tag="nl-NL">nl-NL/nl-NL.mod_jfusion_activity.ini</language>
		
		<language tag="zh-CN">zh-CN/zh-CN.com_jfusion.ini</language>
		<language tag="zh-CN">zh-CN/zh-CN.mod_jfusion_whosonline.ini</language>
		<language tag="zh-CN">zh-CN/zh-CN.mod_jfusion_user_activity.ini</language>
		<language tag="zh-CN">zh-CN/zh-CN.mod_jfusion_login.ini</language>
		<language tag="zh-CN">zh-CN/zh-CN.mod_jfusion_activity.ini</language>
	</languages>
	
	<administration>
		<menu img="components/com_jfusion/images/jfusion.png" link="option=com_jfusion">COM_JFUSION</menu>
		<submenu>
			<menu img="components/com_jfusion/images/control.png" link="option=com_jfusion&amp;task=cpanel">CPANEL</menu>
			<menu img="components/com_jfusion/images/joomla_small.png" link="option=com_jfusion&amp;task=plugineditor&amp;jname=joomla_int">JOOMLA_OPTIONS</menu>
			<menu img="components/com_jfusion/images/process.png" link="option=com_jfusion&amp;task=plugindisplay">CONFIGURATION</menu>
			<menu img="components/com_jfusion/images/user.png" link="option=com_jfusion&amp;task=syncoptions">NEW_USERSYNC</menu>
			<menu img="components/com_jfusion/images/user.png" link="option=com_jfusion&amp;task=synchistory">USERSYNC_HISTORY</menu>
			<menu img="components/com_jfusion/images/disconnect.png" link="option=com_jfusion&amp;task=loginchecker">LOGIN_CHECKER</menu>
			<menu img="components/com_jfusion/images/configdump_small.png" link="option=com_jfusion&amp;task=configdump">CONFIG_DUMP</menu>
			<menu img="components/com_jfusion/images/version.png" link="option=com_jfusion&amp;task=versioncheck">VERSIONS</menu>
		</submenu>

		<files folder="admin">
			<filename>index.html</filename>
			<filename>install.jfusion.php</filename>
			<filename>uninstall.jfusion.php</filename>
			<filename>admin.jfusion.php</filename>
			<filename>defines.php</filename>
			<filename>toolbar.jfusion.php</filename>
			<folder>controllers</folder>
			<folder>packages</folder>
			<folder>css</folder>
			<folder>js</folder>
			<folder>helpers</folder>
			<folder>images</folder>
			<folder>models</folder>
			<folder>views</folder>
			<folder>elements</folder>
            <folder>fields</folder>
		</files>

		<languages folder="admin/languages">
            <language tag="en-GB">en-GB/en-GB.com_jfusion.ini</language>
            <language tag="en-GB">en-GB/en-GB.com_jfusion.menu.ini</language>
            <language tag="en-GB">en-GB/en-GB.com_jfusion.sys.ini</language>
            <language tag="en-GB">en-GB/en-GB.plg_content_jfusion.ini</language>
            <language tag="en-GB">en-GB/en-GB.plg_search_jfusion.ini</language>
            <language tag="en-GB">en-GB/en-GB.plg_system_jfusion.ini</language>
            <language tag="en-GB">en-GB/en-GB.com_jfusion.plg_joomla_int.ini</language>

			<language tag="de-DE">de-DE/de-DE.com_jfusion.ini</language>
            <language tag="de-DE">de-DE/de-DE.com_jfusion.menu.ini</language>
            <language tag="de-DE">de-DE/de-DE.com_jfusion.sys.ini</language>
			<language tag="de-DE">de-DE/de-DE.plg_content_jfusion.ini</language>
			<language tag="de-DE">de-DE/de-DE.plg_search_jfusion.ini</language>
			<language tag="de-DE">de-DE/de-DE.plg_system_jfusion.ini</language>

			<language tag="fr-FR">fr-FR/fr-FR.com_jfusion.ini</language>
            <language tag="fr-FR">fr-FR/fr-FR.com_jfusion.menu.ini</language>
            <language tag="fr-FR">fr-FR/fr-FR.com_jfusion.sys.ini</language>
			<language tag="fr-FR">fr-FR/fr-FR.plg_content_jfusion.ini</language>
			<language tag="fr-FR">fr-FR/fr-FR.plg_search_jfusion.ini</language>
			<language tag="fr-FR">fr-FR/fr-FR.plg_system_jfusion.ini</language>

			<language tag="nl-NL">nl-NL/nl-NL.com_jfusion.ini</language>
            <language tag="nl-NL">nl-NL/nl-NL.com_jfusion.menu.ini</language>
            <language tag="nl-NL">nl-NL/nl-NL.com_jfusion.sys.ini</language>
			<language tag="nl-NL">nl-NL/nl-NL.plg_content_jfusion.ini</language>
			<language tag="nl-NL">nl-NL/nl-NL.plg_search_jfusion.ini</language>
			<language tag="nl-NL">nl-NL/nl-NL.plg_system_jfusion.ini</language>
			
			<language tag="zh-CN">zh-CN/zh-CN.com_jfusion.ini</language>
            <language tag="zh-CN">zh-CN/zh-CN.com_jfusion.menu.ini</language>
            <language tag="zh-CN">zh-CN/zh-CN.com_jfusion.sys.ini</language>
			<language tag="zh-CN">zh-CN/zh-CN.plg_content_jfusion.ini</language>
			<language tag="zh-CN">zh-CN/zh-CN.plg_search_jfusion.ini</language>
			<language tag="zh-CN">zh-CN/zh-CN.plg_system_jfusion.ini</language>
		</languages>
	</administration>
</install>
