<?xml version="1.0" encoding="utf-8"?>
<extension type="component" version="1.6" method="upgrade">
	<name>com_jfusion</name>
	<creationDate>December 2010</creationDate>
	<author>JFusion Development Team</author>
	<authorEmail>webmaster@jfusion.org</authorEmail>
	<authorUrl>http://www.jfusion.org</authorUrl>
	<copyright>Copyright (C) 2008 JFusion. All rights reserved.</copyright>
	<license>http://www.gnu.org/licenses/gpl-2.0.html GNU/GPL</license>
	<version>2.0.0-000</version>
	<revision>0ff6f6d41acfa99625f3da9f76b112d56e6b981c </revision>
    <timestamp>1383957513</timestamp>
	<description>Universal User Integration</description>

    <scriptfile>script.php</scriptfile>

	<files folder="front">
		<filename>metadata.xml</filename>
		<filename>index.html</filename>
		<filename>jfusion.php</filename>
		<filename>jfusionapi.php</filename>
		<filename>router.php</filename>
		<folder>controllers</folder>
		<folder>css</folder>
		<folder>helpers</folder>
		<folder>views</folder>
		<folder>images</folder>
        <folder>language</folder>
	</files>

	<languages folder="front/language">
        <language tag="en-GB">en-GB/en-GB.com_jfusion.ini</language>
        <language tag="en-GB">en-GB/en-GB.mod_jfusion_whosonline.ini</language>
        <language tag="en-GB">en-GB/en-GB.mod_jfusion_user_activity.ini</language>
        <language tag="en-GB">en-GB/en-GB.mod_jfusion_login.ini</language>
        <language tag="en-GB">en-GB/en-GB.mod_jfusion_activity.ini</language>
	</languages>
	
	<administration>
		<menu link="option=com_jfusion">COM_JFUSION</menu>
		<submenu>
			<menu link="option=com_jfusion&amp;task=cpanel">CPANEL</menu>
			<menu link="option=com_jfusion&amp;task=plugineditor&amp;jname=joomla_int">JOOMLA_OPTIONS</menu>
			<menu link="option=com_jfusion&amp;task=plugindisplay">CONFIGURATION</menu>
            <menu link="option=com_jfusion&amp;task=usergroups">USERGROUPS</menu>
			<menu link="option=com_jfusion&amp;task=syncoptions">NEW_USERSYNC</menu>
			<menu link="option=com_jfusion&amp;task=synchistory">USERSYNC_HISTORY</menu>
			<menu link="option=com_jfusion&amp;task=loginchecker">LOGIN_CHECKER</menu>
			<menu link="option=com_jfusion&amp;task=configdump">CONFIG_DUMP</menu>
            <menu link="option=com_jfusion&amp;task=languages">LANGUAGE</menu>
            <menu link="option=com_jfusion&amp;task=versioncheck">VERSIONS</menu>
		</submenu>

		<files folder="admin">
			<filename>index.html</filename>
            <filename>script.php</filename>
            <filename>jfusion.php</filename>
			<filename>defines.php</filename>
			<filename>toolbar.jfusion.php</filename>
			<folder>controllers</folder>
			<folder>packages</folder>
			<folder>css</folder>
			<folder>js</folder>
			<folder>helpers</folder>
			<folder>images</folder>
			<folder>models</folder>
			<folder>views</folder>
            <folder>fields</folder>
            <folder>language</folder>
		</files>

		<languages folder="admin/language">
            <language tag="en-GB">en-GB/en-GB.com_jfusion.ini</language>
            <language tag="en-GB">en-GB/en-GB.com_jfusion.menu.ini</language>
            <language tag="en-GB">en-GB/en-GB.com_jfusion.sys.ini</language>
            <language tag="en-GB">en-GB/en-GB.plg_content_jfusion.ini</language>
            <language tag="en-GB">en-GB/en-GB.plg_search_jfusion.ini</language>
            <language tag="en-GB">en-GB/en-GB.plg_system_jfusion.ini</language>
		</languages>
	</administration>
</extension>
