<?xml version="1.0" encoding="utf-8"?>
<!DOCTYPE extension SYSTEM "http://www.jfusion.org/xml/dtd/2.0/plugin-install.dtd">
<extension type="jfusion" version="1.5.0">
    <name>joomla_int</name>
    <creationDate>June 2008</creationDate>
    <author>JFusion Development Team</author>
    <authorEmail>webmaster@jfusion.org</authorEmail>
    <authorUrl>www.jfusion.org</authorUrl>
    <copyright>Copyright (C) 2008 JFusion. All rights reserved.</copyright>
    <license>http://www.gnu.org/licenses/gpl-2.0.html GNU/GPL</license>
    <version>2.0.0-000</version>
    <revision>0ff6f6d41acfa99625f3da9f76b112d56e6b981c </revision>
    <timestamp>1383957513</timestamp>
    <description>internal Joomla plugin for JFusion</description>
    <update>http://update.jfusion.org/jfusion/joomla/</update>

    <files>
        <filename>admin.php</filename>
        <filename>auth.php</filename>
        <filename>forum.php</filename>
        <filename>index.html</filename>
        <filename>jfusion.xml</filename>
        <filename>public.php</filename>
        <filename>user.php</filename>
    </files>

    <form>
        <fields name="params">
            <fieldset name="PLUGIN_GENERAL_DETAILS">
                <field name="description" type="text" size="60" default="Current Joomla Site" description="DESCRIPTION_DESC" label="DESCRIPTION"/>
                <field name="source_url" type="text" size="60" default="" description="JOOMLA_URL" label="JOOMLA_URL"/>
            </fieldset>

            <fieldset name="LOGIN_OPTIONS">
                <field name="login_identifier" type="list" default="1" description="LOGIN_IDENTIFIER_DESCR" label="LOGIN_IDENTIFIER">
                    <option value="1">USERNAME</option>
                    <option value="2">EMAIL_ADDRESS</option>
                    <option value="3">USERNAME_OR_EMAIL</option>
                </field>
                <field name="@spacer" type="spacer" default="" label="" description="" />
                <field name="case_insensitive" type="radio" class="btn-group" default="0" label="USERNAME_CASE_INSENSITIVE_DESCR">
                    <option value="1">JYES</option>
                    <option value="0">JNO</option>
                </field>
            </fieldset>

            <fieldset name="USER_OPTIONS">
                <field name="username_filter" type="JFusionPlugins" default="" description="USERNAME_FILTER_DESCR" label="USERNAME_FILTER"/>
                <field name="@spacer" type="spacer" default="" label="" description="" />

                <field name="autoregister" type="radio" class="btn-group" default="0" label="AUTOREGISTER" description="AUTOREGISTER_DESCR">
                    <option value="1">JYES</option>
                    <option value="0">JNO</option>
                </field>
                <field name="@spacer" type="spacer" default="" label="" description="" />
                <field name="update_activation" type="radio" class="btn-group" default="1" label="UPDATE_ACTIVATION" description="UPDATE_ACTIVATION_DESC">
                    <option value="1">JYES</option>
                    <option value="0">JNO</option>
                </field>
                <field name="update_email" type="radio" class="btn-group" default="1" label="UPDATE_EMAIL" description="UPDATE_EMAIL_DESC">
                    <option value="1">JYES</option>
                    <option value="0">JNO</option>
                </field>
                <field name="update_block" type="radio" class="btn-group" default="1" label="UPDATE_BLOCK" description="UPDATE_BLOCK_DESC">
                    <option value="1">JYES</option>
                    <option value="0">JNO</option>
                </field>
                <field name="create_inactive" type="radio" class="btn-group" default="1" label="CREATE_INACTIVE" description="CREATE_INACTIVE_DESC">
                    <option value="1">JYES</option>
                    <option value="0">JNO</option>
                </field>
                <field name="create_blocked" type="radio" class="btn-group" default="1" label="CREATE_BLOCKED" description="CREATE_BLOCKED_DESC">
                    <option value="1">JYES</option>
                    <option value="0">JNO</option>
                </field>
            </fieldset>

            <fieldset name="CONNECTION_OPTIONS">
                <field name="allow_connections" type="radio" class="btn-group" default="0" description="ALLOW_CONNECTIONS_DESCR" label="ALLOW_CONNECTIONS">
                    <option value="0">JNO</option>
                    <option value="1">JYES</option>
                </field>
                <field name="@spacer" type="spacer" default="" label="" description="" />
                <field name="secret" type="Secret" default="" label="Secret" description="SECRET_DESCR" />
            </fieldset>

            <fieldset name="REDIRECT_OPTIONS">
                <field name="allow_redirect_login" type="radio" class="btn-group" default="0" description="ALLOW_REDIRECT_DESCR" label="ALLOW_REDIRECT_LOGIN">
                    <option value="0">JNO</option>
                    <option value="1">JYES</option>
                </field>
                <field name="allow_redirect_logout" type="radio" class="btn-group" default="0" description="ALLOW_REDIRECT_DESCR" label="ALLOW_REDIRECT_LOGOUT">
                    <option value="0">JNO</option>
                    <option value="1">JYES</option>
                </field>
                <field name="redirecturl_login" type="text" size="60" default="" description="ALLOW_REDIRECT_DESCR" label="REDIRECTURL_LOGIN"/>
                <field name="redirecturl_logout" type="text" size="60" default="" description="ALLOW_REDIRECT_DESCR" label="REDIRECTURL_LOGOUT"/>
            </fieldset>
        </fields>
    </form>
</extension>