<?xml version="1.0" encoding="UTF-8" ?>
<extension type="package" version="2.5" method="upgrade">
<tag>ru-RU</tag>
<name>jfusion</name>
<packagename>ru-RU</packagename>
<version>1.8</version>
<creationDate>261112</creationDate>
<author>JFusion team</author>
<authorEmail>webmaster@jfusion.org</authorEmail>
<authorUrl>www.jfusion.org</authorUrl>
<copyright>Copyright (C) 2012 JFusion. All rights reserved.</copyright>
<license>GNU General Public License version 2 or later; see LICENSE.txt</license>
<description>Russian (Russia)</description>
<progress><![CDATA[10]]></progress>
<translateurl><![CDATA[https://www.transifex.com/projects/p/jfusion2/language/ru_RU/]]></translateurl>
<files>
	<file type="language" client="site" id="ru-RU">site_ru-RU.zip</file>
	<file type="language" client="administrator" id="ru-RU">admin_ru-RU.zip</file>
</files>
</extension>