<?xml version="1.0" encoding="utf-8"?>
<extension version="1.6" type="plugin" group="authentication" method="upgrade">
    <name>Authentication - JFusion</name>
    <author>JFusion Development Team</author>
    <creationDate>July 2008</creationDate>
    <author>JFusion Development Team</author>
    <authorEmail>webmaster@jfusion.org</authorEmail>
    <authorUrl>http://www.jfusion.org</authorUrl>
    <copyright>Copyright (C) 2008 JFusion. All rights reserved.</copyright>
    <license>http://www.gnu.org/licenses/gpl-2.0.html GNU/GPL</license>
    <version>2.0.0-001</version>
    <revision>63fff6cdb0cb0d2349b2de04bd4dd14f92cd958a </revision>
    <timestamp>1391803415</timestamp>
    <description>JFusions Authentication Plugin</description>

    <files>
        <filename plugin="jfusion">jfusion.php</filename>
    </files>
</extension>
