<?xml version="1.0" encoding="utf-8"?>
<extension version="1.6" type="plugin" group="system" method="upgrade">
    <name>System - JFusion</name>
    <author>JFusion Development Team</author>
    <creationDate>February 2009</creationDate>
    <author>JFusion Development Team</author>
    <authorEmail>webmaster@jfusion.org</authorEmail>
    <authorUrl>http://www.jfusion.org</authorUrl>
    <copyright>Copyright (C) 2009 JFusion. All rights reserved.</copyright>
    <license>http://www.gnu.org/licenses/gpl-2.0.html GNU/GPL</license>
    <version>2.0.0-000</version>
    <revision>ac29e207c1ea7c3a4d1e087f5024e1328bcd596b </revision>
    <timestamp>1372709340</timestamp>
    <description>System Plugin for JFusion</description>
    <files>
        <filename plugin="jfusion">jfusion.php</filename>
    </files>

    <config>
        <fields name="params" addfieldpath="/administrator/components/com_jfusion/fields">
            <fieldset name="basic">
                <field name=" " type="helptext" label="" default="SYNCSESSION_DESCR"/>
                <field name="syncsessions" type="radio" class="btn-group" default="0" label="SYNCSESSION" description="SYNCSESSION_DESCR">
                    <option value="0">JNO</option>
                    <option value="1">JYES</option>
                </field>
                <field name="keepalive" type="radio" class="btn-group" default="0" label="KEEPALIVE" description="KEEPALIVE_DESCR">
                    <option value="0">JNO</option>
                    <option value="1">JYES</option>
                </field>
                <field name="@spacer" type="spacer" default="" label="" description="" />
                <field name=" " type="helptext" label="" default="SYNCLANGUAGE_DESCR"/>
                <field name="synclanguage" type="radio" class="btn-group" default="0" label="SYNCLANGUAGE" description="SYNCLANGUAGE_DESCR">
                    <option value="0">JNO</option>
                    <option value="1">JYES</option>
                </field>
                <field name="@spacer" type="spacer" default="" label="" description="" />
                <field name="debug" type="radio" class="btn-group" default="0" label="Debug" description="Debug">
                    <option value="0">JNO</option>
                    <option value="1">JYES</option>
                </field>
            </fieldset>
        </fields>
    </config>
</extension>
