<?xml version="1.0" encoding="utf-8"?>
<extension version="1.6" type="plugin" group="system" method="upgrade">
    <name>System - JFusion</name>
    <author>JFusion Development Team</author>
    <creationDate>February 2009</creationDate>
    <author>JFusion Development Team</author>
    <authorEmail>webmaster@jfusion.org</authorEmail>
    <authorUrl>http://www.jfusion.org</authorUrl>
    <copyright>Copyright (C) 2009 JFusion. All rights reserved.</copyright>
    <license>http://www.gnu.org/licenses/gpl-2.0.html GNU/GPL</license>
    <version>2.0.0-011</version>
    <revision>08c2c044a5d6cbd079b3e740840678e3ebf18d1c </revision>
    <timestamp>1394479643</timestamp>
    <description>System Plugin for JFusion</description>
    <files>
        <filename plugin="jfusion">jfusion.php</filename>
    </files>

    <config>
        <fields name="params" addfieldpath="/administrator/components/com_jfusion/fields">
            <fieldset name="SESSION" label="SESSION">
                <field name="syncsessions" type="radio" class="btn-group" default="0" label="SYNCSESSION" description="SYNCSESSION_DESCR">
                    <option value="0">JNO</option>
                    <option value="1">JYES</option>
                </field>
                <field name="keepalive" type="radio" class="btn-group" default="0" label="KEEPALIVE" description="KEEPALIVE_DESCR">
                    <option value="0">JNO</option>
                    <option value="1">JYES</option>
                </field>
            </fieldset>
            <fieldset name="LANGUAGE" label="LANGUAGE">
                <field name="synclanguage" type="radio" class="btn-group" default="0" label="SYNCLANGUAGE" description="SYNCLANGUAGE_DESCR">
                    <option value="0">JNO</option>
                    <option value="1">JYES</option>
                </field>
            </fieldset>
            <fieldset name="ADVANCED_SETTINGS" label="ADVANCED_SETTINGS">
                <field name="debug" type="radio" class="btn-group" default="0" label="Debug" description="Debug">
                    <option value="0">JNO</option>
                    <option value="1">JYES</option>
                </field>
            </fieldset>
        </fields>
    </config>
</extension>
