<?xml version="1.0" encoding="utf-8" ?>
<install version="1.5" client="both" type="language" method="upgrade">
	<tag>zh-CN</tag>
	<name>jfusion</name>
	<packagename>zh-CN</packagename>
	<version>1.8</version>
	<creationDate>251112</creationDate>
	<author>JFusion team</author>
	<authorEmail>webmaster@jfusion.org</authorEmail>
	<authorUrl>www.jfusion.org</authorUrl>
	<copyright>Copyright (C) 2012 JFusion. All rights reserved.</copyright>
	<license>GNU General Public License version 2 or later; see LICENSE.txt</license>
	<description>JFusion Language Pack</description>
	<site>
		<files folder="site">
			<filename>index.html</filename>
			<filename file="meta">zh-CN.com_jfusion.xml</filename>
					<filename>zh-CN.com_jfusion.ini</filename>
					<filename>zh-CN.mod_jfusion_activity.ini</filename>
					<filename>zh-CN.mod_jfusion_whosonline.ini</filename>
					<filename>zh-CN.mod_jfusion_login.ini</filename>
					<filename>zh-CN.mod_jfusion_user_activity.ini</filename>
					 </files>
	</site>
	<administration>
		<files folder="admin">
			<filename>index.html</filename>
			<filename file="meta">zh-CN.com_jfusion.xml</filename>
				<filename>zh-CN.com_jfusion.ini</filename>
				<filename>zh-CN.plg_system_jfusion.ini</filename>
				<filename>zh-CN.com_jfusion.menu.ini</filename>
				<filename>zh-CN.plg_content_jfusion.ini</filename>
				<filename>zh-CN.plg_search_jfusion.ini</filename>
				<filename>zh-CN.com_jfusion.sys.ini</filename>
		
		</files>
	</administration>
</install>