<?xml version="1.0" encoding="UTF-8" ?>
<extension type="package" version="2.5" method="upgrade">
<tag>zh-CN</tag>
<name>jfusion</name>
<packagename>zh-CN</packagename>
<version>1.8</version>
<creationDate>260812</creationDate>
<author>JFusion team</author>
<authorEmail>webmaster@jfusion.org</authorEmail>
<authorUrl>www.jfusion.org</authorUrl>
<copyright>Copyright (C) 2012 JFusion. All rights reserved.</copyright>
<license>GNU General Public License version 2 or later; see LICENSE.txt</license>
<description>Chinese</description>
<progress><![CDATA[65%]]></progress>
<translateurl><![CDATA[https://www.transifex.com/projects/p/jfusion/r/all-resources/l/zh/]]></translateurl>

    <files>
    <file type="language" client="site" id="zh-CN">site_zh-CN.zip</file>
    <file type="language" client="administrator" id="zh-CN">admin_zh-CN.zip</file>
</files>
</extension>