<?xml version="1.0" encoding="utf-8" ?>
<metafile version="2.5" client="site" method="upgrade">
	<tag>ru-RU</tag>
	<name>jfusion</name>
	<description>JFusion Language Pack</description>
	<version>1.8</version>
	<creationDate>261112</creationDate>
	<author>JFusion team</author>
	<authorEmail>webmaster@jfusion.org</authorEmail>
	<authorUrl>www.jfusion.org</authorUrl>
	<copyright>Copyright (C) 2012 JFusion. All rights reserved.</copyright>
	<license>GNU General Public License version 2 or later; see LICENSE.txt</license>
	<metadata>
		<name>Russian (Russia)</name>
		<tag>ru-RU</tag>
		<rtl>0</rtl>
		<locale> ru-RU ru-ru </locale>
		<firstDay>0</firstDay>
	</metadata>
	<params />
</metafile>