<?xml version="1.0" encoding="UTF-8" ?>
<extension type="package" version="2.5" method="upgrade">
<tag>et-EE</tag>
<name>jfusion</name>
<packagename>et-EE</packagename>
<version>1.8</version>
<creationDate>251112</creationDate>
<author>JFusion team</author>
<authorEmail>webmaster@jfusion.org</authorEmail>
<authorUrl>www.jfusion.org</authorUrl>
<copyright>Copyright (C) 2012 JFusion. All rights reserved.</copyright>
<license>GNU General Public License version 2 or later; see LICENSE.txt</license>
<description>Estonian (Estonia)</description>
<progress><![CDATA[3]]></progress>
<translateurl><![CDATA[https://www.transifex.com/projects/p/jfusion2/language/et_EE/]]></translateurl>
<files>
	<file type="language" client="site" id="et-EE">site_et-EE.zip</file>
	<file type="language" client="administrator" id="et-EE">admin_et-EE.zip</file>
</files>
</extension>