<?xml version="1.0" encoding="UTF-8" ?>
<extension type="package" version="2.5" method="upgrade">
<tag>et-EE</tag>
<name>jfusion</name>
<packagename>et-EE</packagename>
<version>1.7</version>
<creationDate>310712</creationDate>
<author>JFusion team</author>
<authorEmail>webmaster@jfusion.org</authorEmail>
<authorUrl>www.jfusion.org</authorUrl>
<copyright>Copyright (C) 2012 JFusion. All rights reserved.</copyright>
<license>GNU General Public License version 2 or later; see LICENSE.txt</license>
<description><![CDATA[<h3>JFusion Language Pack</h3>]]></description>
    <files>
    <file type="language" client="site" id="et-EE">site_et-EE.zip</file>
    <file type="language" client="administrator" id="et-EE">admin_et-EE.zip</file>
</files>
</extension>