<?xml version="1.0" encoding="UTF-8" ?>
<extension type="package" version="2.5" method="upgrade">
<name>JFusion Language Pack</name>
<packagename>zh-CN</packagename>
<version>1.7</version>
<creationDate>020712</creationDate>
<author>JFusion Team</author>
<authorEmail>webmaster@jfusion.org</authorEmail>
<authorUrl>www.jfusion.org</authorUrl>
<copyright>Copyright (C) 2012 JFusion. All rights reserved.</copyright>
<license>GNU General Public License version 2 or later; see LICENSE.txt</license>
<description>    <![CDATA[ 		<h3>JFusion Language Pack</h3>  ]]></description>
    <files>
    <file type="language" client="site" id="zh-CN">site_zh-CN.zip</file>
    <file type="language" client="administrator" id="zh-CN">admin_zh-CN.zip</file>
</files>
</extension>