<?xml version="1.0" encoding="utf-8"?>
<!DOCTYPE extension SYSTEM "http://www.jfusion.org/xml/dtd/2.0/plugin-install.dtd">
<extension type="jfusion" version="1.5.0">
    <name>efront</name>
    <creationDate>3 November 2009</creationDate>
    <author>JFusion Development Team -- Hrnk Wevers</author>
    <authorEmail>webmaster@jfusion.org</authorEmail>
    <authorUrl>www.jfusion.org</authorUrl>
    <copyright>Copyright (C) 2008 JFusion. All rights reserved.</copyright>
    <license>http://www.gnu.org/licenses/gpl-2.0.html GNU/GPL</license>
    <version>2.0.0-000</version>
    <revision>2bc14d0b02234e2bb1810325c3925d87648e6065 </revision>
    <timestamp>1372707553</timestamp>
    <description>JFusion plugin for eFront 3.x</description>
    <update>http://update.jfusion.org/jfusion/joomla/</update>

    <files>
        <filename>admin.php</filename>
        <filename>auth.php</filename>
        <filename>index.html</filename>
        <filename>efronthelper.php</filename>
        <filename>forum.php</filename>
        <filename>jfusion.xml</filename>
        <filename>public.php</filename>
        <filename>user.php</filename>
    </files>

    <form>
        <fields name="params">
            <fieldset name="PLUGIN_GENERAL_DETAILS" addfieldpath="/administrator/components/com_jfusion/fields">
                <field name="description" type="text" size="60" label="DESCRIPTION" default="eFront" description="DESCRIPTION_DESC" />
                <field name="source_url" type="text" size="60" label="SOURCE_URL" default="http://www.yourdomain.com/efront/www/" description="EFRONT_SOURCE_URL_DESC" />
                <field name="source_path" type="text" size="60" label="SOURCE_PATH" default="" description="SOURCE_PATH_DESC" />
                <field name="md5_key" type="text" size="50" label="EFRONT_MD5_KEY" default="" description="EFRONT_MD5_KEY_DESC" />
                <field name="uploadpath" type="text" size="128" label="EFRONT_UPLOAD_PATH" default="" description="EFRONT_UPLOAD_PATH_DESC" />
                <field name="avatar_url" type="text" size="60" label="EFRONT_AVATAR_URL" default="http://www.yourdomain.com/efront/" description="EFRONT_AVATAR_URL_DESC" />
                <field name="@spacer" type="spacer" default="" label="" description="" />
                <field name="apiuser" type="text" size="60" label="APIUSER" default="" description="APIUSER_DESC" />
                <field name="apikey" type="text" size="60" label="APIKEY" default="" description="APIKEY_DESC" />
                <field name="login_identifier" type="list" label="LOGIN_IDENTIFIER" default="1" description="LOGIN_IDENTIFIER_DESC">
                    <option value="1">USERNAME</option>
                    <option value="2">EMAIL</option>
                    <option value="3">USERNAME_OR_EMAIL</option>
                </field>
            </fieldset>

            <fieldset name="DATABASE_OPTIONS" addfieldpath="/administrator/components/com_jfusion/fields">
                <field name="database_type" type="text" size="20" label="DATABASE_TYPE" default="mysql" description="DATABASE_TYPE_DESC" />
                <field name="database_host" type="text" size="20" label="DATABASE_HOST" default="" description="DATABASE_HOST_DESC" />
                <field name="database_name" type="text" size="20" label="DATABASE_NAME" default="" description="DATABASE_NAME_DESC" />
                <field name="database_user" type="text" size="20" label="DATABASE_USER" default="" description="DATABASE_USER_DESC" />
                <field name="database_password" type="password" size="20" label="DATABASE_PASSWORD" default="" description="DATABASE_PASSWORD_DESC" />
                <field name="database_prefix" type="text" size="20" label="DATABASE_PREFIX" default="" description="DATABASE_PREFIX_DESC" />
                <field name="database_charset" type="text" size="20" label="DATABASE_CHARSET" default="utf8" description="DATABASE_CHARSET_DESC" />
            </fieldset>

            <fieldset name="USER_OPTIONS" addfieldpath="/administrator/components/com_jfusion/fields">
                <field name="username_filter" type="JFusionPlugins" label="USERNAME_FILTER" default="" description="USERNAME_FILTER_DESCR" />
                <field name="multiusergroup" default="" type="JFusionCustomParam" label="USERGROUP_MANAGEMENT" description="ADVANCED_USERGROUP" />
                <field name="@spacer" type="spacer" default="" label="" description="" />
                <field name="update_activation" type="radio" class="btn-group" default="1" label="UPDATE_ACTIVATION" description="UPDATE_ACTIVATION_DESC">
                    <option value="1">JYES</option>
                    <option value="0">JNO</option>
                </field>
                <field name="update_email" type="radio" class="btn-group" default="1" label="UPDATE_EMAIL" description="UPDATE_EMAIL_DESC">
                    <option value="1">JYES</option>
                    <option value="0">JNO</option>
                </field>
                <field name="update_block" type="radio" class="btn-group" default="1" label="UPDATE_BLOCK" description="UPDATE_BLOCK_DESC">
                    <option value="1">JYES</option>
                    <option value="0">JNO</option>
                </field>
                <field name="create_inactive" type="radio" class="btn-group" default="1" label="CREATE_INACTIVE" description="CREATE_INACTIVE_DESC">
                    <option value="1">JYES</option>
                    <option value="0">JNO</option>
                </field>
                <field name="create_blocked" type="radio" class="btn-group" default="1" label="CREATE_BLOCKED" description="CREATE_BLOCKED_DESC">
                    <option value="1">JYES</option>
                    <option value="0">JNO</option>
                </field>
                <field name="@spacer" type="spacer" default="" label="" description="" />
                <field name="allow_delete_users" type="radio" class="btn-group" default="0" label="ALLOW_DELETE_USERS" description="ALLOW_DELETE_USERS_DESCR">
                    <option value="1">JYES</option>
                    <option value="0">JNO</option>
                </field>
            </fieldset>

            <fieldset name="CURL_OPTIONS_GENERAL" addfieldpath="/administrator/components/com_jfusion/fields">
                <field name="httpauth" type="list" default="" label="CURL_HTTPAUTH" description="CURL_HTTPAUTH_DESCR">
                    <option value="">Disabled</option>
                    <option value="any">ANY</option>
                    <option value="anysafe">ANYSAFE</option>
                    <option value="basic">BASIC</option>
                    <option value="digest">DIGEST</option>
                    <option value="gssnegotiate">Kerberos</option>
                    <option value="ntlm">NTLM</option>
                </field>
                <field name="curl_username" type="text" default="" size="60" label="CURL_USERNAME" description="CURL_USERNAME_DESCR" />
                <field name="curl_password" type="password" default="" size="60" label="CURL_PASSWORD" description="CURL_PASSWORD_DESCR" />
            </fieldset>

            <fieldset name="CURL_OPTIONS_COOKIE" addfieldpath="/administrator/components/com_jfusion/fields">
                <field name="cookie_domain" type="text" size="60" label="CURL_COOKIE_DOMAIN" default="" description="CURL_COOKIE_DOMAIN_DESC" />
                <field name="cookie_path" type="text" size="60" label="CURL_COOKIE_PATH" default="" description="CURL_COOKIE_PATH_DESC" />
                <field name="cookie_expires" type="text" size="5" label="COOKIE_EXPIRES" default="1800" description="COOKIE_EXPIRES_DESC" />
                <field name="secure" type="radio" class="btn-group" default="0" label="COOKIE_SECURE" description="COOKIE_SECURE_DESC">
                    <option value="1">JYES</option>
                    <option value="0">JNO</option>
                </field>
                <field name="httponly" type="radio" class="btn-group" default="0" label="COOKIE_HTTPONLY" description="COOKIE_HTTPONLY_DESC">
                    <option value="1">JYES</option>
                    <option value="0">JNO</option>
                </field>
            </fieldset>
        </fields>
    </form>
</extension>
