<?xml version="1.0" encoding="UTF-8" ?>
<extension type="package" version="2.5" method="upgrade">
<tag>fr-FR</tag>
<name>jfusion</name>
<packagename>fr-FR</packagename>
<version>1.8</version>
<creationDate>010812</creationDate>
<author>JFusion team</author>
<authorEmail>webmaster@jfusion.org</authorEmail>
<authorUrl>www.jfusion.org</authorUrl>
<copyright>Copyright (C) 2012 JFusion. All rights reserved.</copyright>
<license>GNU General Public License version 2 or later; see LICENSE.txt</license>
<description></description>
    <files>
    <file type="language" client="site" id="fr-FR">site_fr-FR.zip</file>
    <file type="language" client="administrator" id="fr-FR">admin_fr-FR.zip</file>
</files>
</extension>