<?xml version="1.0" encoding="UTF-8" ?>
<extension type="package" version="2.5" method="upgrade">
<tag>nl-NL</tag>
<name>jfusion</name>
<packagename>nl-NL</packagename>
<version>1.8</version>
<creationDate>261112</creationDate>
<author>JFusion team</author>
<authorEmail>webmaster@jfusion.org</authorEmail>
<authorUrl>www.jfusion.org</authorUrl>
<copyright>Copyright (C) 2012 JFusion. All rights reserved.</copyright>
<license>GNU General Public License version 2 or later; see LICENSE.txt</license>
<description>Dutch (Netherlands)</description>
<progress><![CDATA[55]]></progress>
<translateurl><![CDATA[https://www.transifex.com/projects/p/jfusion2/language/nl_NL/]]></translateurl>
<files>
	<file type="language" client="site" id="nl-NL">site_nl-NL.zip</file>
	<file type="language" client="administrator" id="nl-NL">admin_nl-NL.zip</file>
</files>
</extension>