<?xml version="1.0" encoding="UTF-8" ?>
<extension type="package" version="2.5" method="upgrade">
<tag>nl-NL</tag>
<name>JFusion Integration Software</name>
<packagename>nl-NL</packagename>
<version>1.7</version>
<creationDate>210712</creationDate>
<author>JFusion team</author>
<authorEmail>webmaster@jfusion.org</authorEmail>
<authorUrl>www.jfusion.org</authorUrl>
<copyright>Copyright (C) 2012 JFusion. All rights reserved.</copyright>
<license>GNU General Public License version 2 or later; see LICENSE.txt</license>
<description><![CDATA[<h3>JFusion Language Pack</h3>]]></description>
    <files>
    <file type="language" client="site" id="nl-NL">site_nl-NL.zip</file>
    <file type="language" client="administrator" id="nl-NL">admin_nl-NL.zip</file>
</files>
</extension>