<?xml version="1.0" encoding="utf-8"?>
<!DOCTYPE extension SYSTEM "http://www.jfusion.org/xml/dtd/2.0/plugin-install.dtd">
<extension type="jfusion" version="1.5.0">
    <name>prestashop</name>
    <creationDate>September 2010</creationDate>
    <author>Wade Penistone</author>
    <authorEmail>w.penistone@mediacityonline.net</authorEmail>
    <authorUrl>www.mediacityonline.net</authorUrl>
    <copyright>Copyright GPL (C) 2008 Open Source Matters. All rights reserved.</copyright>
    <license>http://www.gnu.org/licenses/gpl-2.0.html GNU/GPL</license>
    <version>2.0.0-000</version>
    <revision>183bd5a1c005eb97c306eb5ee506d601767d9124 </revision>
    <timestamp>1373420868</timestamp>
    <description>PrestaShop plugin for JFusion</description>
    <update>http://update.jfusion.org/jfusion/joomla/</update>

    <files>
        <filename>admin.php</filename>
        <filename>auth.php</filename>
        <filename>index.html</filename>
        <filename>jfusion.xml</filename>
        <filename>public.php</filename>
        <filename>user.php</filename>
    </files>

    <form>
        <fields name="params">
            <fieldset name="PLUGIN_GENERAL_DETAILS" addfieldpath="/administrator/components/com_jfusion/fields">
                <field name="jfusionbox" type="text" default="" label="PLUGIN_GENERAL_DETAILS" description="" />
                <field name="description" type="text" size="60" label="DESCRIPTION" default="Presta Shop" description="DESCRIPTION_DESC" />
                <field name="source_url" type="text" size="60" label="SOURCE_URL" default="http://www.yourdomain.com/prestashop/" description="SOURCE_URL_DESC" />
                <field name="source_path" type="text" size="60" label="SOURCE_PATH" default="" description="SOURCE_PATH_DESC" />
                <field name="    " type="helptext" default="In order to disable registration in PrestaShop you must modify a core file currently to add a piece of code to disable it. The code extract and instructions can be found on the JFusion website" label=""/>
            </fieldset>

            <fieldset name="DATABASE_OPTIONS" addfieldpath="/administrator/components/com_jfusion/fields">
                <field name="database_type" type="text" size="20" label="DATABASE_TYPE" default="mysql" description="DATABASE_TYPE_DESC" />
                <field name="database_host" type="text" size="20" label="DATABASE_HOST" default="" description="DATABASE_HOST_DESC" />
                <field name="database_name" type="text" size="20" label="DATABASE_NAME" default="" description="DATABASE_NAME_DESC" />
                <field name="database_user" type="text" size="20" label="DATABASE_USER" default="" description="DATABASE_USER_DESC" />
                <field name="database_password" type="password" size="20" label="DATABASE_PASSWORD" default="" description="DATABASE_PASSWORD_DESC" />
                <field name="database_prefix" type="text" size="20" label="DATABASE_PREFIX" default="" description="DATABASE_PREFIX_DESC" />
                <field name="database_charset" type="text" size="20" label="DATABASE_CHARSET" default="utf8" description="DATABASE_CHARSET_DESC" />
            </fieldset>

            <fieldset name="USER_OPTIONS" addfieldpath="/administrator/components/com_jfusion/fields">
                <field name="username_filter" type="JFusionPlugins" label="USERNAME_FILTER" default="" description="USERNAME_FILTER_DESCR" />
                <field name="multiusergroup" default="" type="JFusionCustomParam" label="USERGROUP_MANAGEMENT" description="ADVANCED_USERGROUP" />
                <field name="@spacer" type="spacer" default="" label="" description="" />
                <field name="update_activation" type="radio" class="btn-group" default="1" label="UPDATE_ACTIVATION" description="UPDATE_ACTIVATION_DESC">
                    <option value="1">JYES</option>
                    <option value="0">JNO</option>
                </field>
                <field name="update_email" type="radio" class="btn-group" default="1" label="UPDATE_EMAIL" description="UPDATE_EMAIL_DESC">
                    <option value="1">JYES</option>
                    <option value="0">JNO</option>
                </field>
                <field name="update_block" type="radio" class="btn-group" default="1" label="UPDATE_BLOCK" description="UPDATE_BLOCK_DESC">
                    <option value="1">JYES</option>
                    <option value="0">JNO</option>
                </field>
                <field name="create_inactive" type="radio" class="btn-group" default="1" label="CREATE_INACTIVE" description="CREATE_INACTIVE_DESC">
                    <option value="1">JYES</option>
                    <option value="0">JNO</option>
                </field>
                <field name="create_blocked" type="radio" class="btn-group" default="1" label="CREATE_BLOCKED" description="CREATE_BLOCKED_DESC">
                    <option value="1">JYES</option>
                    <option value="0">JNO</option>
                </field>
                <field name="@spacer" type="spacer" default="" label="" description="" />
                <field name="jfusionbox" type="text" default="" label="CURL_OPTIONS_COOKIE" description="" />
                <field name="cookie_domain" type="text" size="60" label="CURL_COOKIE_DOMAIN" default="" description="CURL_COOKIE_DOMAIN_DESC" />
                <field name="cookie_path" type="text" size="60" label="CURL_COOKIE_PATH" default="" description="CURL_COOKIE_PATH_DESC" />
                <field name="cookie_key" type="text" size="20" default="Needed or login will not work" description="COOKIE_KEY" label="COOKIE_KEY"/>
            </fieldset>
        </fields>
    </form>
</extension>
