<?xml version="1.0" encoding="utf-8"?>
<!DOCTYPE extension SYSTEM "http://www.jfusion.org/xml/dtd/2.0/plugin-install.dtd">
<extension type="jfusion" version="1.5.0">
    <name>vbulletin</name>
    <creationDate>June 2008</creationDate>
    <author>JFusion Development Team</author>
    <authorEmail>webmaster@jfusion.org</authorEmail>
    <authorUrl>www.jfusion.org</authorUrl>
    <copyright>Copyright (C) 2008 JFusion. All rights reserved.</copyright>
    <license>http://www.gnu.org/licenses/gpl-2.0.html GNU/GPL</license>
    <version>3.0.0-000</version>
    <revision>3ed32af8e7bec727eb93c25a49e1cee5746508e3 </revision>
    <timestamp>1395195098</timestamp>
    <description>vBulletin plugin for JFusion</description>
    <update>http://update.jfusion.org/jfusion/joomla/</update>

    <files>
        <filename>admin.php</filename>
        <filename>auth.php</filename>
        <filename>forum.php</filename>
        <filename>helper.php</filename>
        <filename>hooks.php</filename>
        <filename>index.html</filename>
        <filename>jfusion.xml</filename>
        <filename>public.php</filename>
        <filename>search.xml</filename>
        <filename>user.php</filename>
        <folder>yui</folder>
    </files>

    <form>
        <fields name="params">
            <fieldset name="PLUGIN_GENERAL_DETAILS">
                <field name="description" type="text" size="60" label="DESCRIPTION" default="vBulletin 3.x and 4.x plugin" description="DESCRIPTION_DESC" />
                <field name="source_url" type="text" size="60" label="SOURCE_URL" default="http://www.yourdomain.com/yourdir/" description="SOURCE_URL_DESC" />
                <field name="source_path" type="text" size="60" label="SOURCE_PATH" default="" description="SOURCE_PATH_DESC" />
                <field name="vb4_base_file" type="list" label="VB4_BASE_FILE" default="forum.php" description="VB4_BASE_FILE_DESC">
                    <option value="index.php">index.php</option>
                    <option value="forum.php">forum.php</option>
                </field>
                <field name="allow_sef" type="radio" class="btn-group" default="1" label="ALLOW_VB_SEF" description="ALLOW_VB_SEF_DESCR">
                    <option value="1">JYES</option>
                    <option value="0">JNO</option>
                </field>
                <field name="@spacer" type="spacer" default="" label="" description="" />
                <field name="login_identifier" type="list" label="LOGIN_IDENTIFIER" default="1" description="LOGIN_IDENTIFIER_DESC">
                    <option value="1">USERNAME</option>
                    <option value="2">EMAIL</option>
                    <option value="3">USERNAME_OR_EMAIL</option>
                </field>
            </fieldset>

            <fieldset name="DATABASE_OPTIONS">
                <field name="database_type" type="text" size="20" label="DATABASE_TYPE" default="mysql" description="DATABASE_TYPE_DESC" />
                <field name="database_host" type="text" size="20" label="DATABASE_HOST" default="" description="DATABASE_HOST_DESC" />
                <field name="database_name" type="text" size="20" label="DATABASE_NAME" default="" description="DATABASE_NAME_DESC" />
                <field name="database_user" type="text" size="20" label="DATABASE_USER" default="" description="DATABASE_USER_DESC" />
                <field name="database_password" type="password" size="20" label="DATABASE_PASSWORD" default="" description="DATABASE_PASSWORD_DESC" />
                <field name="database_prefix" type="text" size="20" label="DATABASE_PREFIX" default="" description="DATABASE_PREFIX_DESC" />
                <field name="database_charset" type="text" size="20" label="DATABASE_CHARSET" default="utf8" description="DATABASE_CHARSET_DESC" />
            </fieldset>

            <fieldset name="USER_OPTIONS">
                <field name="name_field" type="JFusionCustomParam" label="NAME_FIELD_OPTION" description="NAME_FIELD_OPTION_DESCR" />
                <field name="@spacer" type="spacer" default="" label="" description="" />
                <field name="activationgroup" type="JFusionUsergroups" description="DEFAULT_ACTIVATIONGROUP" label="DEFAULT_ACTIVATIONGROUP" />
                <field name="bannedgroup" type="JFusionUsergroups" description="DEFAULT_BANNEDGROUP" label="DEFAULT_BANNEDGROUP" />

                <field name="compare_displaygroups" type="radio" class="btn-group" default="1" label="COMPARE_DISPLAYGROUPS" description="COMPARE_DISPLAYGROUPS">
                    <option value="1">JYES</option>
                    <option value="0">JNO</option>
                </field>

                <field name="compare_membergroups" type="radio" class="btn-group" default="1" label="COMPARE_MEMBERGROUPS" description="COMPARE_MEMBERGROUPS">
                    <option value="1">JYES</option>
                    <option value="0">JNO</option>
                </field>

                <field name="@spacer" type="spacer" default="" label="" description="" />
                <field name="block_coppa_users" type="radio" class="btn-group" default="1" label="BLOCK_COPPA_USERS" description="BLOCK_COPPA_USERS_DESCR">
                    <option value="1">JYES</option>
                    <option value="0">JNO</option>
                </field>
                <field name="@spacer" type="spacer" default="" label="" description="" />
                <field name="update_activation" type="radio" class="btn-group" default="1" label="UPDATE_ACTIVATION" description="UPDATE_ACTIVATION_DESC">
                    <option value="1">JYES</option>
                    <option value="0">JNO</option>
                </field>
                <field name="update_email" type="radio" class="btn-group" default="1" label="UPDATE_EMAIL" description="UPDATE_EMAIL_DESC">
                    <option value="1">JYES</option>
                    <option value="0">JNO</option>
                </field>
                <field name="update_block" type="radio" class="btn-group" default="1" label="UPDATE_BLOCK" description="UPDATE_BLOCK_DESC">
                    <option value="1">JYES</option>
                    <option value="0">JNO</option>
                </field>
                <field name="blockmessage" type="text" size="60" label="BLOCKMESSAGE" description="BLOCKMESSAGE_DESCR" />
                <field name="create_inactive" type="radio" class="btn-group" default="1" label="CREATE_INACTIVE" description="CREATE_INACTIVE_DESC">
                    <option value="1">JYES</option>
                    <option value="0">JNO</option>
                </field>
                <field name="create_blocked" type="radio" class="btn-group" default="1" label="CREATE_BLOCKED" description="CREATE_BLOCKED_DESC">
                    <option value="1">JYES</option>
                    <option value="0">JNO</option>
                </field>
                <field name="@spacer" type="spacer" default="" label="" description="" />
                <field name="allow_delete_users" type="radio" class="btn-group" default="0" label="ALLOW_DELETE_USERS" description="ALLOW_DELETE_USERS_DESCR">
                    <option value="1">JYES</option>
                    <option value="0">JNO</option>
                </field>
            </fieldset>

            <fieldset name="CURL_OPTIONS_COOKIE">
                <field name="cookie_domain" type="text" size="60" label="CURL_COOKIE_DOMAIN" default="" description="CURL_COOKIE_DOMAIN_DESC" />
                <field name="cookie_path" type="text" size="60" label="CURL_COOKIE_PATH" default="" description="CURL_COOKIE_PATH_DESC" />
                <field name="cookie_prefix" type="text" size="20" default="bb" description="COOKIE_PREFIX" label="COOKIE_PREFIX"/>
                <field name="cookie_salt" type="text" size="60" default="" label="COOKIE_SALT_STR" description="VB_COOKIE_SALT_DESCR" />
                <field name="cookie_expires" type="text" size="5" label="COOKIE_EXPIRES" default="240" description="COOKIE_EXPIRES_DESC" />
                <field name="secure" type="radio" class="btn-group" default="0" label="COOKIE_SECURE" description="COOKIE_SECURE_DESC">
                    <option value="1">JYES</option>
                    <option value="0">JNO</option>
                </field>
                <field name="httponly" type="radio" class="btn-group" default="0" label="COOKIE_HTTPONLY" description="COOKIE_HTTPONLY_DESC">
                    <option value="1">JYES</option>
                    <option value="0">JNO</option>
                </field>
            </fieldset>

            <fieldset name="MOD_OPTIONS">
                <field name="jfusionbox" type="text" default="" label="MOD_OPTIONS" description="" />
                <field name=" " type="helptext" default="VB_HOOKS_DESC" label=""/>
                <field name=" " type="helptext" default="VB_HOOKS_NOTE" label=""/>
                <field name="vb_secret" default="" type="Secret" label="VB_SECRET" description="VB_SECRET_DESC" />
                <field name="plugin_itemid" default="" type="JFusionItemid" label="VB_REDIRECT_ITEMID" description="VB_REDIRECT_ITEMID_DESC" />
                <field name="redirect_ignore" default="" type="text" size="60" label="VB_REDIRECT_IGNORE" description="VB_REDIRECT_IGNORE_DESCR" />
                <field name=" " type="helptext" default="SPECIAL_FOLDERS_DESCR" label=""/>
                <field name="admincp" type="text" size="20" label="ADMINCP" default="admincp" />
                <field name="modcp" type="text" size="20" label="MODCP" default="modcp" />
                <field name="@spacer" type="spacer" default="" label="" description="" />
                <field name=" " type="helptext" default="VB_HOOKS_DESC" label=""/>
                <field name="jfvbtask" default="" type="JFusionCustomParam" label="VB_API_HOOK" description="VB_API_HOOK_DESC" />
                <field name="frameless" default="" type="JFusionCustomParam" label="VB_FRAMELESS_HOOK" description="VB_FRAMELESS_HOOK_DESC" />
                <field name="redirect" default="" type="JFusionCustomParam" label="VB_REDIRECT_HOOK" description="VB_REDIRECT_HOOK_DESC" />
                <field name="duallogin" default="" type="JFusionCustomParam" label="VB_DUALLOGIN_HOOK" description="VB_DUALLOGIN_HOOK_DESC" />
                <!--
                <field name=" " type="helptext" default="VB_GLOBALFIX_HOOK_DESC"/>
                <field name="globalfix" default="" type="JFusionCustomParam" label="VB_GLOBALFIX_HOOK" description="VB_GLOBALFIX_HOOK"/>
                -->
            </fieldset>

            <fieldset name="FRAMELESS_INTEGRATION_OPTIONS">
                <field name="sefmode" type="list" default="0" label="SEFMODE" description="SEFMODE">
                    <option value="1"><![CDATA[domain.com/index.php/alias/file.php/foo,foo/]]></option>
                    <option value="0"><![CDATA[domain.com/index.php/alias/file.php?foo=foo]]></option>
                </field>
                <field name=" " type="helptext" default="VB_FRAMELESS_OPTIMIZATION_DESC" label=""/>
                <field name="framelessoptimization" default="" type="JFusionCustomParam" label="VB_FRAMELESS_OPTIMIZATION" description="VB_FRAMELESS_OPTIMIZATION" />
                <field name=" " type="helptext" default="VB_FRAMELESS_PARSE_CSS_DESCR" label=""/>
                <field name="parseCSS" default="0" type="radio" class="btn-group" label="VB_FRAMELESS_PARSE_CSS" description="VB_FRAMELESS_PARSE_CSS">
                    <option value="1">JYES</option>
                    <option value="0">JNO</option>
                </field>
                <field name=" " type="helptext" default="URL_OPTIONS_DESCR" label=""/>
                <field name="lostpassword_url" label="LOST_PASSWORD_URL" type="text" size="50" default="" description="LOST_PASSWORD_URL" />
                <field name="register_url" label="REGISTER_URL" type="text" size="50" default="" description="REGISTER_URL" />
            </fieldset>
        </fields>
    </form>
</extension>
