<?xml version="1.0" encoding="utf-8"?>
<extension version="1.6" type="plugin" group="user" method="upgrade">
    <name>User - JFusion</name>
    <author>JFusion Development Team</author>
    <creationDate>July 2008</creationDate>
    <author>JFusion Development Team</author>
    <authorEmail>webmaster@jfusion.org</authorEmail>
    <authorUrl>http://www.jfusion.org</authorUrl>
    <copyright>Copyright (C) 2008 JFusion. All rights reserved.</copyright>
    <license>http://www.gnu.org/licenses/gpl-2.0.html GNU/GPL</license>
    <version>2.0.0-000</version>
    <revision>0ff6f6d41acfa99625f3da9f76b112d56e6b981c </revision>
    <timestamp>1383957513</timestamp>
    <description>User Plugin for JFusion</description>

    <files>
        <filename plugin="jfusion">jfusion.php</filename>
    </files>
</extension>

