<?xml version="1.0" encoding="utf-8"?>
<install type="module" version="1.5" method="upgrade">
	<name>JFusion Magento cart</name>
	<author>JFusion Development Team</author>
	<creationDate>June 2008</creationDate>
	<copyright>Copyright (C) 2008 JFusion. All rights reserved.</copyright>
	<license>http://www.gnu.org/licenses/gpl-2.0.html GNU/GPL</license>
	<authorEmail>webmaster@jfusion.org</authorEmail>
	<authorUrl>www.jfusion.org</authorUrl>
	<version>1.8.0-000</version>
	<description>This module will display a box with the current cart of the user. You need to have the magelib plugin system installed.</description>
	<files>
		<filename module="mod_jfusion_magecart">mod_jfusion_magecart.php</filename>
		<filename>index.html</filename>
		<folder>tmpl</folder>
	</files>
	<config><fields name="params"><fieldset name="basic">
		<field name="moduleclass_sfx" type="text" default="" label="Module Class Suffix" description="PARAMMODULECLASSSUFFIX" />
		<field name="@spacer" type="spacer" default="" label="" description="" />
		<field name="template_selection" type="list" default="1" label="Templating system" description="TEMPLATE_SELECTION_DESC">
			<option value="0">Joomla</option>
			<option value="1">Magento</option>
		</field>
		<field name="mage_template_path" type="text" default="" label="Magento Template Path" description="MAGENTO_TEMPLATE_PATH" />
		<field name="enable_scriptaculous" label="Scriptaculous enable" type="list" default="0" description="Enable or not the scriptaculous script from Magento. Some modules of Magento need it for Ajax call or rollover/menu effect. BE AWARE: not compatible with module or content using Mootools of Joomla">
			<option value="1">Enable</option> 
            <option value="0">Disable</option>
		</field>
	</fieldset></fields></config>
    <config><fields name="params"><fieldset name="advanced">
        <field name="cache" type="list" default="0" label="Caching" description="Select whether to cache the content of this module">
            <option value="1">Use global</option> 
            <option value="0">No caching</option> 
        </field>
        <field name="cache_time" type="text" default="900" label="Cache Time" description="The time before the module is recached" /> 
    </fieldset></fields></config>		
	<params>
		<param name="moduleclass_sfx" type="text" default="" label="Module Class Suffix" description="PARAMMODULECLASSSUFFIX" />
		<param name="@spacer" type="spacer" default="" label="" description="" />
		<param name="template_selection" type="list" default="1" label="Templating system" description="TEMPLATE_SELECTION_DESC">
			<option value="0">Joomla</option>
			<option value="1">Magento</option>
		</param>
		<param name="mage_template_path" type="text" default="" label="Magento Template Path" description="MAGENTO_TEMPLATE_PATH" />
		<param name="enable_scriptaculous" label="Scriptaculous enable" type="list" default="0" description="Enable or not the scriptaculous script from Magento. Some modules of Magento need it for Ajax call or rollover/menu effect. BE AWARE: not compatible with module or content using Mootools of Joomla">
			<option value="1">Enable</option> 
            <option value="0">Disable</option>
		</param>
	</params>
    <params group="advanced">
        <param name="cache" type="list" default="0" label="Caching" description="Select whether to cache the content of this module">
            <option value="1">Use global</option> 
            <option value="0">No caching</option> 
        </param>
        <param name="cache_time" type="text" default="900" label="Cache Time" description="The time before the module is recached" /> 
    </params>		    
</install>
