<?xml version="1.0" encoding="utf-8"?>
<!DOCTYPE extension SYSTEM "http://www.jfusion.org/xml/dtd/2.0/plugin-install.dtd">
<extension type="jfusion" version="1.5.0">
    <name>phpbb3</name>
    <creationDate>June 2008</creationDate>
    <author>JFusion Development Team</author>
    <authorEmail>webmaster@jfusion.org</authorEmail>
    <authorUrl>www.jfusion.org</authorUrl>
    <copyright>Copyright (C) 2008 JFusion. All rights reserved.</copyright>
    <license>http://www.gnu.org/licenses/gpl-2.0.html GNU/GPL</license>
    <version>2.0.0-000</version>
    <revision>079863c96b682d74a748a1b1b5509cf5765fa856 </revision>
    <timestamp>1372708654</timestamp>
    <description>phpBB3 plugin for JFusion</description>
    <update>http://update.jfusion.org/jfusion/joomla/</update>

    <files>
        <filename>admin.php</filename>
        <filename>auth.php</filename>
        <filename>auth_jfusion.php</filename>
        <filename>forum.php</filename>
        <filename>hooks.php</filename>
        <filename>index.html</filename>
        <filename>jfusion.xml</filename>
        <filename>public.php</filename>
        <filename>search.xml</filename>
        <filename>user.php</filename>
        <filename>helper.php</filename>
        <folder>utf</folder>
    </files>

    <form>
        <fields name="params">
            <fieldset name="PLUGIN_GENERAL_DETAILS" addfieldpath="/administrator/components/com_jfusion/fields">
                <field name="description" type="text" size="60" label="DESCRIPTION" default="phpBB3" description="DESCRIPTION_DESC" />
                <field name="source_url" type="text" size="60" label="SOURCE_URL" default="http://www.yourdomain.com/phpbb3/" description="SOURCE_URL_DESC" />
                <field name="source_path" type="text" size="60" label="SOURCE_PATH" default="" description="SOURCE_PATH_DESC" />
                <field name="@spacer" type="spacer" default="" label="" description="" />
                <field name="login_identifier" type="list" label="LOGIN_IDENTIFIER" default="1" description="LOGIN_IDENTIFIER_DESC">
                    <option value="1">USERNAME</option>
                    <option value="2">EMAIL</option>
                    <option value="3">USERNAME_OR_EMAIL</option>
                </field>
                <field name="login_type" type="list" default="1" label="PHPBB_LOGIN_TYPE" description="PHPBB_LOGIN_TYPE">
                    <option value="0">PHPBB_LOGIN_DIRECT</option>
                    <option value="1">PHPBB_LOGIN_INDIRECT</option>
                </field>
            </fieldset>

            <fieldset name="DATABASE_OPTIONS" addfieldpath="/administrator/components/com_jfusion/fields">
                <field name="database_type" type="text" size="20" label="DATABASE_TYPE" default="mysql" description="DATABASE_TYPE_DESC" />
                <field name="database_host" type="text" size="20" label="DATABASE_HOST" default="" description="DATABASE_HOST_DESC" />
                <field name="database_name" type="text" size="20" label="DATABASE_NAME" default="" description="DATABASE_NAME_DESC" />
                <field name="database_user" type="text" size="20" label="DATABASE_USER" default="" description="DATABASE_USER_DESC" />
                <field name="database_password" type="password" size="20" label="DATABASE_PASSWORD" default="" description="DATABASE_PASSWORD_DESC" />
                <field name="database_prefix" type="text" size="20" label="DATABASE_PREFIX" default="" description="DATABASE_PREFIX_DESC" />
                <field name="database_charset" type="text" size="20" label="DATABASE_CHARSET" default="utf8" description="DATABASE_CHARSET_DESC" />
                <field name="database_new_link" type="radio" class="btn-group" default="0" label="DATABASE_NEW_LINK" description="DATABASE_NEW_LINK_DESCR">
                    <option value="1">JYES</option>
                    <option value="0">JNO</option>
                </field>
            </fieldset>

            <fieldset name="USER_OPTIONS" addfieldpath="/administrator/components/com_jfusion/fields">
                <field name="multiusergroup" default="" type="JFusionCustomParam" label="USERGROUP_MANAGEMENT" description="ADVANCED_USERGROUP" />
                <field name="@spacer" type="spacer" default="" label="" description="" />
                <field name="update_activation" type="radio" class="btn-group" default="1" label="UPDATE_ACTIVATION" description="UPDATE_ACTIVATION_DESC">
                    <option value="1">JYES</option>
                    <option value="0">JNO</option>
                </field>
                <field name="update_email" type="radio" class="btn-group" default="1" label="UPDATE_EMAIL" description="UPDATE_EMAIL_DESC">
                    <option value="1">JYES</option>
                    <option value="0">JNO</option>
                </field>
                <field name="update_block" type="radio" class="btn-group" default="1" label="UPDATE_BLOCK" description="UPDATE_BLOCK_DESC">
                    <option value="1">JYES</option>
                    <option value="0">JNO</option>
                </field>
                <field name="create_inactive" type="radio" class="btn-group" default="1" label="CREATE_INACTIVE" description="CREATE_INACTIVE_DESC">
                    <option value="1">JYES</option>
                    <option value="0">JNO</option>
                </field>
                <field name="create_blocked" type="radio" class="btn-group" default="1" label="CREATE_BLOCKED" description="CREATE_BLOCKED_DESC">
                    <option value="1">JYES</option>
                    <option value="0">JNO</option>
                </field>
                <field name="@spacer" type="spacer" default="" label="" description="" />
                <field name="allow_delete_users" type="radio" class="btn-group" default="0" label="ALLOW_DELETE_USERS" description="ALLOW_DELETE_USERS_DESCR">
                    <option value="1">JYES</option>
                    <option value="0">JNO</option>
                </field>
                <field name="@spacer" type="spacer" default="" label="" description="" />
                <field name=" " type="helptext" default="UTF8_ADVANCED_DESCR" label=""/>
                <field name="utf8_advanced" type="list" default="disabled" label="UTF8_ADVANCED" description="UTF8_ADVANCED">
                    <option value="disabled">STANDARD</option>
                    <option value="enabled">ADVANCED</option>
                </field>
            </fieldset>

            <fieldset name="GENERAL_OPTIONS_COOKIE" addfieldpath="/administrator/components/com_jfusion/fields">
                <field name="cookie_domain" type="text" size="60" label="CURL_COOKIE_DOMAIN" default="" description="CURL_COOKIE_DOMAIN_DESC" />
                <field name="cookie_path" type="text" size="60" label="CURL_COOKIE_PATH" default="" description="CURL_COOKIE_PATH_DESC" />
                <field name="cookie_prefix" type="text" size="20" label="COOKIE_PREFIX" default="bb" description="COOKIE_PREFIX" />
                <field name="secure" type="radio" class="btn-group" default="0" label="COOKIE_SECURE" description="COOKIE_SECURE_DESC">
                    <option value="1">JYES</option>
                    <option value="0">JNO</option>
                </field>
                <field name="httponly" type="radio" class="btn-group" default="0" label="COOKIE_HTTPONLY" description="COOKIE_HTTPONLY_DESC">
                    <option value="1">JYES</option>
                    <option value="0">JNO</option>
                </field>
                <field name="allow_autologin" type="list" default="1" label="ALLOW_AUTOLOGIN" description="ALLOW_AUTOLOGIN">
                    <option value="0">DISABLED</option>
                    <option value="1">ENABLED</option>
                </field>
            </fieldset>

            <fieldset name="SEF_OPTIONS" addfieldpath="/administrator/components/com_jfusion/fields">
                <field name="sefmode" type="list" default="0" label="SEFMODE" description="SEFMODE_DESCR">
                    <option value="1"><![CDATA[domain.com/index.php/alias/file.php/foo,foo/]]></option>
                    <option value="0"><![CDATA[domain.com/index.php/alias/file.php?foo=foo]]></option>
                </field>
            </fieldset>

            <fieldset name="MOD_OPTIONS" addfieldpath="/administrator/components/com_jfusion/fields">
                <field name=" " type="helptext" default="AUTHENTICATION_MOD_DESCR" label=""/>
                <field name="showAuthMod" default="" type="JFusionCustomParam" description="AUTHENTICATION_MOD" label="AUTHENTICATION_MOD"/>
                <field name="@spacer" type="spacer" default="" label="" description="" />
                <field name=" " type="helptext" default="REDIRECT_MOD_DESCR" label=""/>
                <field name="redirect_itemid" type="JFusionItemid" size="10" default="" description="REDIRECT_ITEMID" label="REDIRECT_ITEMID" feature="redirect_itemid"/>
                <field name="mod_ids" type="radio" class="btn-group" default="0" label="MOD_IDS" description="MOD_IDS_DESCR">
                    <option value="1">JYES</option>
                    <option value="0">JNO</option>
                </field>
                <field name="showRedirectMod" default="" type="JFusionCustomParam" description="REDIRECTION_MOD" label="REDIRECTION_MOD"/>
                <field name="@spacer" type="spacer" default="" label="" description="" />
                <field name=" " type="helptext" default="QUICK_MOD" label=""/>
                <field name="showQuickMod" default="" type="JFusionCustomParam" description="QUICK_MOD" label="SHOW_QUICK_MOD"/>
            </fieldset>

            <fieldset name="URL_OPTIONS" addfieldpath="/administrator/components/com_jfusion/fields">
                <field name=" " type="helptext" default="URL_OPTIONS_DESCR" label=""/>
                <field name="lostpassword_url" label="LOST_PASSWORD_URL" type="text" size="50" default="" description="LOST_PASSWORD_URL" />
                <field name="register_url" label="REGISTER_URL" type="text" size="50" default="" description="REGISTER_URL" />
                <field name="edit_account_url" label="EDIT_ACCOUNTS_URL" type="text" size="50" default="" description="EDIT_ACCOUNTS_URL" />
                <field name="edit_profile_url" label="EDIT_PROFILE_URL" type="text" size="50" default="" description="EDIT_PROFILE_URL" />
                <field name="edit_avatar_url" label="EDIT_AVATAR_URL" type="text" size="50" default="" description="EDIT_AVATAR_URL" />
            </fieldset>
        </fields>
    </form>
</extension>
